<templateFileSet xmlns:xsi="http://www.w3.org/2001/XMLSchema-instance" xmlns:xsd="http://www.w3.org/2001/XMLSchema" xmlns="http://schemas.openehr.org/v1">
   <cid>1051.57.88</cid>
   <versionAsset>4</versionAsset>
   <templateName>Ankle Sprain - Assessment UCL.v0</templateName>
   <templateId>2f127ef7-223c-478d-9423-80e63a70f70b</templateId>
   <rootArchetypeId>openEHR-EHR-COMPOSITION.encounter.v1</rootArchetypeId>
   <creationTime>31-Jan-2017</creationTime>
   <modificationTime>09-Mar-2017</modificationTime>
   <directLink>http://ckm.apperta.org/ckm/#showTemplate_1051.57.88_4</directLink>
   <logMessage>updated 'nil significant' data points.</logMessage>
   <ckmResource>
      <cid>1051.32.548</cid>
      <versionAsset>1</versionAsset>
      <resourceMainId>openEHR-EHR-CLUSTER.mobility_of_peroneal_nerve.v0</resourceMainId>
      <resourceMainDisplayName>Mobility of peroneal nerve</resourceMainDisplayName>
      <resourceType>ARCHETYPE</resourceType>
      <creationTime>2017-01-31T19:49:59+0100</creationTime>
      <modificationTime>2017-01-31T19:49:59+0100</modificationTime>
      <directLink>http://ckm.apperta.org/ckm/#showArchetype_1051.32.548_1</directLink>
   </ckmResource>
   <ckmResource>
      <cid>1051.32.109</cid>
      <versionAsset>7</versionAsset>
      <resourceMainId>openEHR-EHR-EVALUATION.problem_diagnosis.v1</resourceMainId>
      <resourceMainDisplayName>Problem/Diagnosis</resourceMainDisplayName>
      <resourceType>ARCHETYPE</resourceType>
      <creationTime>2013-09-03T18:39:57+0200</creationTime>
      <modificationTime>2016-10-06T10:16:11+0200</modificationTime>
      <directLink>http://ckm.apperta.org/ckm/#showArchetype_1051.32.109_7</directLink>
   </ckmResource>
   <ckmResource>
      <cid>1051.32.549</cid>
      <versionAsset>1</versionAsset>
      <resourceMainId>openEHR-EHR-CLUSTER.peripheral_pulse.v0</resourceMainId>
      <resourceMainDisplayName>Peripheral pulse</resourceMainDisplayName>
      <resourceType>ARCHETYPE</resourceType>
      <creationTime>2017-01-31T19:51:03+0100</creationTime>
      <modificationTime>2017-01-31T19:51:03+0100</modificationTime>
      <directLink>http://ckm.apperta.org/ckm/#showArchetype_1051.32.549_1</directLink>
   </ckmResource>
   <ckmResource>
      <cid>1051.32.126</cid>
      <versionAsset>4</versionAsset>
      <resourceMainId>openEHR-EHR-EVALUATION.exclusion-problem_diagnosis.v0</resourceMainId>
      <resourceMainDisplayName>Exclusion of a Problem/Diagnosis</resourceMainDisplayName>
      <resourceType>ARCHETYPE</resourceType>
      <creationTime>2013-09-03T18:40:22+0200</creationTime>
      <modificationTime>2016-02-08T09:02:28+0100</modificationTime>
      <directLink>http://ckm.apperta.org/ckm/#showArchetype_1051.32.126_4</directLink>
   </ckmResource>
   <ckmResource>
      <cid>1051.32.544</cid>
      <versionAsset>2</versionAsset>
      <resourceMainId>openEHR-EHR-CLUSTER.price.v0</resourceMainId>
      <resourceMainDisplayName>PRICE</resourceMainDisplayName>
      <resourceType>ARCHETYPE</resourceType>
      <creationTime>2017-01-19T15:46:27+0100</creationTime>
      <modificationTime>2017-01-31T19:53:00+0100</modificationTime>
      <directLink>http://ckm.apperta.org/ckm/#showArchetype_1051.32.544_2</directLink>
   </ckmResource>
   <ckmResource>
      <cid>1051.32.149</cid>
      <versionAsset>5</versionAsset>
      <resourceMainId>openEHR-EHR-OBSERVATION.story.v1</resourceMainId>
      <resourceMainDisplayName>Story/History</resourceMainDisplayName>
      <resourceType>ARCHETYPE</resourceType>
      <creationTime>2013-09-04T12:19:12+0200</creationTime>
      <modificationTime>2015-11-20T19:47:20+0100</modificationTime>
      <directLink>http://ckm.apperta.org/ckm/#showArchetype_1051.32.149_5</directLink>
   </ckmResource>
   <ckmResource>
      <cid>1051.32.545</cid>
      <versionAsset>1</versionAsset>
      <resourceMainId>openEHR-EHR-CLUSTER.ankle_posture.v0</resourceMainId>
      <resourceMainDisplayName>Ankle Posture</resourceMainDisplayName>
      <resourceType>ARCHETYPE</resourceType>
      <creationTime>2017-01-31T18:50:38+0100</creationTime>
      <modificationTime>2017-01-31T18:50:38+0100</modificationTime>
      <directLink>http://ckm.apperta.org/ckm/#showArchetype_1051.32.545_1</directLink>
   </ckmResource>
   <ckmResource>
      <cid>1051.32.546</cid>
      <versionAsset>1</versionAsset>
      <resourceMainId>openEHR-EHR-CLUSTER.ankle_range_of_motion.v0</resourceMainId>
      <resourceMainDisplayName>Ankle range of motion</resourceMainDisplayName>
      <resourceType>ARCHETYPE</resourceType>
      <creationTime>2017-01-31T19:45:29+0100</creationTime>
      <modificationTime>2017-01-31T19:45:29+0100</modificationTime>
      <directLink>http://ckm.apperta.org/ckm/#showArchetype_1051.32.546_1</directLink>
   </ckmResource>
   <ckmResource>
      <cid>1051.32.547</cid>
      <versionAsset>1</versionAsset>
      <resourceMainId>openEHR-EHR-CLUSTER.functional_mobility.v0</resourceMainId>
      <resourceMainDisplayName>Functional mobility</resourceMainDisplayName>
      <resourceType>ARCHETYPE</resourceType>
      <creationTime>2017-01-31T19:48:29+0100</creationTime>
      <modificationTime>2017-01-31T19:48:29+0100</modificationTime>
      <directLink>http://ckm.apperta.org/ckm/#showArchetype_1051.32.547_1</directLink>
   </ckmResource>
   <ckmResource>
      <cid>1051.32.562</cid>
      <versionAsset>1</versionAsset>
      <resourceMainId>openEHR-EHR-OBSERVATION.berg_balance_scale.v0</resourceMainId>
      <resourceMainDisplayName>Berg balance scale</resourceMainDisplayName>
      <resourceType>ARCHETYPE</resourceType>
      <creationTime>2017-01-31T20:24:43+0100</creationTime>
      <modificationTime>2017-01-31T20:24:43+0100</modificationTime>
      <directLink>http://ckm.apperta.org/ckm/#showArchetype_1051.32.562_1</directLink>
   </ckmResource>
   <ckmResource>
      <cid>1051.32.563</cid>
      <versionAsset>1</versionAsset>
      <resourceMainId>openEHR-EHR-OBSERVATION.dynamic_gait_index_dgi.v0</resourceMainId>
      <resourceMainDisplayName>Dynamic gait index</resourceMainDisplayName>
      <resourceType>ARCHETYPE</resourceType>
      <creationTime>2017-01-31T20:27:38+0100</creationTime>
      <modificationTime>2017-01-31T20:27:38+0100</modificationTime>
      <directLink>http://ckm.apperta.org/ckm/#showArchetype_1051.32.563_1</directLink>
   </ckmResource>
   <ckmResource>
      <cid>1051.32.564</cid>
      <versionAsset>1</versionAsset>
      <resourceMainId>openEHR-EHR-CLUSTER.occupation.v0</resourceMainId>
      <resourceMainDisplayName>Occupation record</resourceMainDisplayName>
      <resourceType>ARCHETYPE</resourceType>
      <creationTime>2017-01-31T20:44:45+0100</creationTime>
      <modificationTime>2017-01-31T20:44:45+0100</modificationTime>
      <directLink>http://ckm.apperta.org/ckm/#showArchetype_1051.32.564_1</directLink>
   </ckmResource>
   <ckmResource>
      <cid>1051.32.443</cid>
      <versionAsset>1</versionAsset>
      <resourceMainId>openEHR-EHR-CLUSTER.multimedia.v1</resourceMainId>
      <resourceMainDisplayName>Multimedia Resource</resourceMainDisplayName>
      <resourceType>ARCHETYPE</resourceType>
      <creationTime>2016-10-10T18:01:03+0200</creationTime>
      <modificationTime>2016-10-10T18:01:03+0200</modificationTime>
      <directLink>http://ckm.apperta.org/ckm/#showArchetype_1051.32.443_1</directLink>
   </ckmResource>
   <ckmResource>
      <cid>1051.32.169</cid>
      <versionAsset>5</versionAsset>
      <resourceMainId>openEHR-EHR-SECTION.adhoc.v1</resourceMainId>
      <resourceMainDisplayName>Ad hoc heading</resourceMainDisplayName>
      <resourceType>ARCHETYPE</resourceType>
      <creationTime>2013-09-05T17:51:04+0200</creationTime>
      <modificationTime>2015-05-26T13:16:22+0200</modificationTime>
      <directLink>http://ckm.apperta.org/ckm/#showArchetype_1051.32.169_5</directLink>
   </ckmResource>
   <ckmResource>
      <cid>1051.32.284</cid>
      <versionAsset>2</versionAsset>
      <resourceMainId>openEHR-EHR-CLUSTER.exclusion_exam.v1</resourceMainId>
      <resourceMainDisplayName>Exclusion of examination</resourceMainDisplayName>
      <resourceType>ARCHETYPE</resourceType>
      <creationTime>2015-02-16T11:38:03+0100</creationTime>
      <modificationTime>2016-02-08T09:02:25+0100</modificationTime>
      <directLink>http://ckm.apperta.org/ckm/#showArchetype_1051.32.284_2</directLink>
   </ckmResource>
   <ckmResource>
      <cid>1051.32.560</cid>
      <versionAsset>1</versionAsset>
      <resourceMainId>openEHR-EHR-EVALUATION.six_min_walk.v0</resourceMainId>
      <resourceMainDisplayName>Six minute walk test</resourceMainDisplayName>
      <resourceType>ARCHETYPE</resourceType>
      <creationTime>2017-01-31T20:17:16+0100</creationTime>
      <modificationTime>2017-01-31T20:17:16+0100</modificationTime>
      <directLink>http://ckm.apperta.org/ckm/#showArchetype_1051.32.560_1</directLink>
   </ckmResource>
   <ckmResource>
      <cid>1051.32.170</cid>
      <versionAsset>3</versionAsset>
      <resourceMainId>openEHR-EHR-EVALUATION.clinical_synopsis.v1</resourceMainId>
      <resourceMainDisplayName>Clinical Synopsis</resourceMainDisplayName>
      <resourceType>ARCHETYPE</resourceType>
      <creationTime>2013-09-05T17:51:06+0200</creationTime>
      <modificationTime>2014-02-03T15:48:40+0100</modificationTime>
      <directLink>http://ckm.apperta.org/ckm/#showArchetype_1051.32.170_3</directLink>
   </ckmResource>
   <ckmResource>
      <cid>1051.32.171</cid>
      <versionAsset>6</versionAsset>
      <resourceMainId>openEHR-EHR-COMPOSITION.encounter.v1</resourceMainId>
      <resourceMainDisplayName>Encounter</resourceMainDisplayName>
      <resourceType>ARCHETYPE</resourceType>
      <creationTime>2013-09-05T18:29:06+0200</creationTime>
      <modificationTime>2015-11-20T19:47:35+0100</modificationTime>
      <directLink>http://ckm.apperta.org/ckm/#showArchetype_1051.32.171_6</directLink>
   </ckmResource>
   <ckmResource>
      <cid>1051.32.94</cid>
      <versionAsset>4</versionAsset>
      <resourceMainId>openEHR-EHR-OBSERVATION.exam.v1</resourceMainId>
      <resourceMainDisplayName>Physical examination findings</resourceMainDisplayName>
      <resourceType>ARCHETYPE</resourceType>
      <creationTime>2013-09-03T18:39:33+0200</creationTime>
      <modificationTime>2015-07-21T15:08:07+0200</modificationTime>
      <directLink>http://ckm.apperta.org/ckm/#showArchetype_1051.32.94_4</directLink>
   </ckmResource>
   <ckmResource>
      <cid>1051.32.559</cid>
      <versionAsset>1</versionAsset>
      <resourceMainId>openEHR-EHR-EVALUATION.romberg_test.v0</resourceMainId>
      <resourceMainDisplayName>Romberg test</resourceMainDisplayName>
      <resourceType>ARCHETYPE</resourceType>
      <creationTime>2017-01-31T20:15:26+0100</creationTime>
      <modificationTime>2017-01-31T20:15:26+0100</modificationTime>
      <directLink>http://ckm.apperta.org/ckm/#showArchetype_1051.32.559_1</directLink>
   </ckmResource>
   <ckmResource>
      <cid>1051.32.115</cid>
      <versionAsset>3</versionAsset>
      <resourceMainId>openEHR-EHR-EVALUATION.goal.v1</resourceMainId>
      <resourceMainDisplayName>Goal</resourceMainDisplayName>
      <resourceType>ARCHETYPE</resourceType>
      <creationTime>2013-09-03T18:40:04+0200</creationTime>
      <modificationTime>2015-07-21T15:08:21+0200</modificationTime>
      <directLink>http://ckm.apperta.org/ckm/#showArchetype_1051.32.115_3</directLink>
   </ckmResource>
   <ckmResource>
      <cid>1051.32.555</cid>
      <versionAsset>1</versionAsset>
      <resourceMainId>openEHR-EHR-EVALUATION.injury_ucl.v0</resourceMainId>
      <resourceMainDisplayName>Injury Details UCL</resourceMainDisplayName>
      <resourceType>ARCHETYPE</resourceType>
      <creationTime>2017-01-31T20:09:50+0100</creationTime>
      <modificationTime>2017-01-31T20:09:50+0100</modificationTime>
      <directLink>http://ckm.apperta.org/ckm/#showArchetype_1051.32.555_1</directLink>
   </ckmResource>
   <ckmResource>
      <cid>1051.32.434</cid>
      <versionAsset>1</versionAsset>
      <resourceMainId>openEHR-EHR-CLUSTER.exam.v0</resourceMainId>
      <resourceMainDisplayName>Examination findings</resourceMainDisplayName>
      <resourceType>ARCHETYPE</resourceType>
      <creationTime>2016-10-06T10:16:14+0200</creationTime>
      <modificationTime>2016-10-06T10:16:14+0200</modificationTime>
      <directLink>http://ckm.apperta.org/ckm/#showArchetype_1051.32.434_1</directLink>
   </ckmResource>
   <ckmResource>
      <cid>1051.32.358</cid>
      <versionAsset>4</versionAsset>
      <resourceMainId>openEHR-EHR-INSTRUCTION.medication_order.v0</resourceMainId>
      <resourceMainDisplayName>Medication order</resourceMainDisplayName>
      <resourceType>ARCHETYPE</resourceType>
      <creationTime>2016-02-17T23:20:10+0100</creationTime>
      <modificationTime>2016-11-01T11:07:02+0100</modificationTime>
      <directLink>http://ckm.apperta.org/ckm/#showArchetype_1051.32.358_4</directLink>
   </ckmResource>
   <ckmResource>
      <cid>1051.32.556</cid>
      <versionAsset>1</versionAsset>
      <resourceMainId>openEHR-EHR-EVALUATION.joint_integrity_and_mobility.v0</resourceMainId>
      <resourceMainDisplayName>Joint integrity and mobility assessment</resourceMainDisplayName>
      <resourceType>ARCHETYPE</resourceType>
      <creationTime>2017-01-31T20:10:46+0100</creationTime>
      <modificationTime>2017-01-31T20:10:46+0100</modificationTime>
      <directLink>http://ckm.apperta.org/ckm/#showArchetype_1051.32.556_1</directLink>
   </ckmResource>
   <ckmResource>
      <cid>1051.32.557</cid>
      <versionAsset>1</versionAsset>
      <resourceMainId>openEHR-EHR-EVALUATION.living_environment.v0</resourceMainId>
      <resourceMainDisplayName>Living environment</resourceMainDisplayName>
      <resourceType>ARCHETYPE</resourceType>
      <creationTime>2017-01-31T20:12:05+0100</creationTime>
      <modificationTime>2017-01-31T20:12:05+0100</modificationTime>
      <directLink>http://ckm.apperta.org/ckm/#showArchetype_1051.32.557_1</directLink>
   </ckmResource>
   <ckmResource>
      <cid>1051.32.316</cid>
      <versionAsset>1</versionAsset>
      <resourceMainId>openEHR-EHR-ACTION.imaging_exam.v1</resourceMainId>
      <resourceMainDisplayName>Imaging examination</resourceMainDisplayName>
      <resourceType>ARCHETYPE</resourceType>
      <creationTime>2015-05-28T15:22:51+0200</creationTime>
      <modificationTime>2015-05-28T15:22:51+0200</modificationTime>
      <directLink>http://ckm.apperta.org/ckm/#showArchetype_1051.32.316_1</directLink>
   </ckmResource>
   <ckmResource>
      <cid>1051.32.558</cid>
      <versionAsset>1</versionAsset>
      <resourceMainId>openEHR-EHR-EVALUATION.muscle_strength.v0</resourceMainId>
      <resourceMainDisplayName>Muscle strength assessment</resourceMainDisplayName>
      <resourceType>ARCHETYPE</resourceType>
      <creationTime>2017-01-31T20:14:21+0100</creationTime>
      <modificationTime>2017-01-31T20:14:21+0100</modificationTime>
      <directLink>http://ckm.apperta.org/ckm/#showArchetype_1051.32.558_1</directLink>
   </ckmResource>
   <ckmResource>
      <cid>1051.32.551</cid>
      <versionAsset>1</versionAsset>
      <resourceMainId>openEHR-EHR-CLUSTER.sleep_disturb.v0</resourceMainId>
      <resourceMainDisplayName>Sleep disturbance</resourceMainDisplayName>
      <resourceType>ARCHETYPE</resourceType>
      <creationTime>2017-01-31T19:53:50+0100</creationTime>
      <modificationTime>2017-01-31T19:53:50+0100</modificationTime>
      <directLink>http://ckm.apperta.org/ckm/#showArchetype_1051.32.551_1</directLink>
   </ckmResource>
   <ckmResource>
      <cid>1051.32.552</cid>
      <versionAsset>1</versionAsset>
      <resourceMainId>openEHR-EHR-CLUSTER.sports_participation.v0</resourceMainId>
      <resourceMainDisplayName>Sports participation</resourceMainDisplayName>
      <resourceType>ARCHETYPE</resourceType>
      <creationTime>2017-01-31T19:54:40+0100</creationTime>
      <modificationTime>2017-01-31T19:54:40+0100</modificationTime>
      <directLink>http://ckm.apperta.org/ckm/#showArchetype_1051.32.552_1</directLink>
   </ckmResource>
   <ckmResource>
      <cid>1051.32.134</cid>
      <versionAsset>3</versionAsset>
      <resourceMainId>openEHR-EHR-EVALUATION.reason_for_encounter.v1</resourceMainId>
      <resourceMainDisplayName>Reason for encounter</resourceMainDisplayName>
      <resourceType>ARCHETYPE</resourceType>
      <creationTime>2013-09-03T18:40:33+0200</creationTime>
      <modificationTime>2015-05-26T13:16:19+0200</modificationTime>
      <directLink>http://ckm.apperta.org/ckm/#showArchetype_1051.32.134_3</directLink>
   </ckmResource>
   <ckmResource>
      <cid>1051.32.157</cid>
      <versionAsset>3</versionAsset>
      <resourceMainId>openEHR-EHR-OBSERVATION.height.v1</resourceMainId>
      <resourceMainDisplayName>Height/Length</resourceMainDisplayName>
      <resourceType>ARCHETYPE</resourceType>
      <creationTime>2013-09-04T12:19:21+0200</creationTime>
      <modificationTime>2014-02-17T18:08:09+0100</modificationTime>
      <directLink>http://ckm.apperta.org/ckm/#showArchetype_1051.32.157_3</directLink>
   </ckmResource>
   <ckmResource>
      <cid>1051.32.234</cid>
      <versionAsset>4</versionAsset>
      <resourceMainId>openEHR-EHR-CLUSTER.oedema.v0</resourceMainId>
      <resourceMainDisplayName>Examination of oedema</resourceMainDisplayName>
      <resourceType>ARCHETYPE</resourceType>
      <creationTime>2014-07-23T18:55:49+0200</creationTime>
      <modificationTime>2016-10-06T10:16:13+0200</modificationTime>
      <directLink>http://ckm.apperta.org/ckm/#showArchetype_1051.32.234_4</directLink>
   </ckmResource>
   <ckmResource>
      <cid>1051.32.553</cid>
      <versionAsset>1</versionAsset>
      <resourceMainId>openEHR-EHR-EVALUATION.functional_limitations.v0</resourceMainId>
      <resourceMainDisplayName>Functional limitations</resourceMainDisplayName>
      <resourceType>ARCHETYPE</resourceType>
      <creationTime>2017-01-31T20:02:29+0100</creationTime>
      <modificationTime>2017-01-31T20:02:29+0100</modificationTime>
      <directLink>http://ckm.apperta.org/ckm/#showArchetype_1051.32.553_1</directLink>
   </ckmResource>
   <ckmResource>
      <cid>1051.32.554</cid>
      <versionAsset>1</versionAsset>
      <resourceMainId>openEHR-EHR-EVALUATION.functional_performance_testing.v0</resourceMainId>
      <resourceMainDisplayName>Functional performance testing (RTP)</resourceMainDisplayName>
      <resourceType>ARCHETYPE</resourceType>
      <creationTime>2017-01-31T20:07:22+0100</creationTime>
      <modificationTime>2017-01-31T20:07:22+0100</modificationTime>
      <directLink>http://ckm.apperta.org/ckm/#showArchetype_1051.32.554_1</directLink>
   </ckmResource>
   <ckmResource>
      <cid>1051.32.492</cid>
      <versionAsset>1</versionAsset>
      <resourceMainId>openEHR-EHR-CLUSTER.exam_cranial_nerves.v0</resourceMainId>
      <resourceMainDisplayName>Examination of cranial nerves</resourceMainDisplayName>
      <resourceType>ARCHETYPE</resourceType>
      <creationTime>2016-10-10T18:01:57+0200</creationTime>
      <modificationTime>2016-10-10T18:01:57+0200</modificationTime>
      <directLink>http://ckm.apperta.org/ckm/#showArchetype_1051.32.492_1</directLink>
   </ckmResource>
   <ckmResource>
      <cid>1051.32.131</cid>
      <versionAsset>7</versionAsset>
      <resourceMainId>openEHR-EHR-INSTRUCTION.request.v0</resourceMainId>
      <resourceMainDisplayName>Service request</resourceMainDisplayName>
      <resourceType>ARCHETYPE</resourceType>
      <creationTime>2013-09-03T18:40:29+0200</creationTime>
      <modificationTime>2016-02-08T09:02:18+0100</modificationTime>
      <directLink>http://ckm.apperta.org/ckm/#showArchetype_1051.32.131_7</directLink>
   </ckmResource>
   <ckmResource>
      <cid>1051.32.154</cid>
      <versionAsset>4</versionAsset>
      <resourceMainId>openEHR-EHR-OBSERVATION.body_weight.v1</resourceMainId>
      <resourceMainDisplayName>Body weight</resourceMainDisplayName>
      <resourceType>ARCHETYPE</resourceType>
      <creationTime>2013-09-04T12:19:18+0200</creationTime>
      <modificationTime>2015-01-30T19:39:14+0100</modificationTime>
      <directLink>http://ckm.apperta.org/ckm/#showArchetype_1051.32.154_4</directLink>
   </ckmResource>
   <ckmResource>
      <cid>1051.32.231</cid>
      <versionAsset>5</versionAsset>
      <resourceMainId>openEHR-EHR-CLUSTER.symptom_sign.v1</resourceMainId>
      <resourceMainDisplayName>Symptom/Sign</resourceMainDisplayName>
      <resourceType>ARCHETYPE</resourceType>
      <creationTime>2014-07-23T18:55:46+0200</creationTime>
      <modificationTime>2015-11-20T19:47:45+0100</modificationTime>
      <directLink>http://ckm.apperta.org/ckm/#showArchetype_1051.32.231_5</directLink>
   </ckmResource>
   <ckmResource>
      <cid>1051.32.281</cid>
      <versionAsset>1</versionAsset>
      <resourceMainId>openEHR-EHR-CLUSTER.dimensions.v1</resourceMainId>
      <resourceMainDisplayName>Dimensions</resourceMainDisplayName>
      <resourceType>ARCHETYPE</resourceType>
      <creationTime>2015-01-30T19:39:23+0100</creationTime>
      <modificationTime>2015-01-30T19:39:23+0100</modificationTime>
      <directLink>http://ckm.apperta.org/ckm/#showArchetype_1051.32.281_1</directLink>
   </ckmResource>
</templateFileSet>